docname;main;choice1;level1;choice2;level2;choice3;level3;docbagsize
180-038-000-000-1463738340;000-000;150-025;772;135-025;639;128-013;625;2508
180-038-000-000-1463738350;000-000;158-013;729;183-013;704;135-025;700;2771
180-038-000-000-1463738360;000-000;135-025;826;150-025;738;158-013;706;2685
180-038-000-000-1463738370;000-000;135-025;840;150-025;775;113-013;653;2929
180-038-000-000-1463738380;000-000;135-025;758;180-050;695;128-013;664;2791
180-038-000-000-1463738390;000-000;150-025;765;165-050;751;135-025;745;3231
180-038-000-000-1463738400;000-000;075-050;639;135-025;630;158-013;614;2862
180-038-000-000-1463738410;000-000;135-025;860;150-025;719;183-013;715;2559
180-038-000-000-1463738420;000-000;150-025;746;135-025;683;180-025;633;2567
180-038-000-000-1463738430;000-000;135-025;804;150-025;737;158-013;730;3206
180-038-000-000-1463738440;000-000;135-025;811;150-025;723;158-038;691;2637
180-038-000-000-1463738450;000-000;158-013;767;135-025;698;150-025;687;3067
180-038-000-000-1463738460;000-000;158-013;718;135-025;691;143-013;690;2997
180-038-000-000-1463738470;000-000;135-025;827;150-025;736;180-025;663;2271
180-038-000-000-1463738480;000-000;135-025;722;150-025;719;158-013;639;2562
180-038-000-000-1463738490;000-000;150-025;685;180-050;661;135-025;638;2440
180-038-000-000-1463738500;000-000;135-025;908;150-025;708;075-050;621;2429
180-038-000-000-1463738510;000-000;135-025;856;150-025;778;183-013;657;2560
180-038-000-000-1463738520;000-000;135-025;816;150-025;717;180-050;669;2648
180-038-000-000-1463738530;000-000;135-025;750;158-013;692;150-025;676;2697
180-038-000-000-1463738540;000-000;150-025;751;183-013;724;128-013;609;2493
180-038-000-000-1463738550;000-000;150-025;789;183-013;755;135-025;698;2906
180-038-000-000-1463738560;000-000;180-050;704;135-025;686;150-025;672;2788
180-038-000-000-1463738570;000-000;150-025;720;158-013;658;183-013;595;2217
180-038-000-000-1463738580;000-000;135-025;813;150-025;688;158-013;660;2558
180-038-000-000-1463738590;000-000;135-025;781;158-013;774;150-025;675;2679
180-038-000-000-1463738600;000-000;135-025;906;150-025;834;075-050;643;2768
180-038-000-000-1463738610;000-000;135-025;869;150-025;744;180-025;651;2775
180-038-000-000-1463738620;000-000;150-025;709;158-013;659;143-013;651;2710
180-038-000-000-1463738630;000-000;158-013;803;135-025;686;143-013;648;3296
180-038-000-000-1463738640;000-000;150-025;790;135-025;616;180-050;562;1988
180-038-000-000-1463738650;000-000;135-025;842;150-025;634;180-050;583;2301
180-038-000-000-1463738660;000-000;135-025;827;158-013;701;143-038;662;2888
180-038-000-000-1463738670;000-000;150-025;772;135-025;759;105-050;622;2501
180-038-000-000-1463738680;000-000;150-025;783;165-000;689;158-038;632;2629
180-038-000-000-1463738690;000-000;135-025;815;150-025;736;165-000;659;2482
180-038-000-000-1463738700;000-000;135-025;826;150-025;735;158-038;606;2430
180-038-000-000-1463738710;000-000;135-025;902;158-038;676;150-025;666;2636
180-038-000-000-1463738720;000-000;135-025;844;150-025;671;158-013;598;2496
180-038-000-000-1463738730;000-000;135-025;886;150-025;797;180-025;666;2490
180-038-000-000-1463738740;000-000;135-025;789;158-013;731;150-025;726;2904
180-038-000-000-1463738750;000-000;150-025;792;135-025;711;158-013;659;2483
180-038-000-000-1463738760;000-000;165-000;774;135-025;751;158-013;717;2892
180-038-000-000-1463738770;000-000;135-025;864;183-013;692;158-013;687;2839
180-038-000-000-1463738780;000-000;135-025;764;150-025;751;180-025;640;2495
180-038-000-000-1463738790;000-000;135-025;812;150-025;794;158-038;605;2464
180-038-000-000-1463738800;000-000;135-025;807;150-025;778;183-013;737;2903
180-038-000-000-1463738810;000-000;135-025;735;150-100;695;158-013;684;2754
180-038-000-000-1463738820;000-000;135-025;846;158-013;783;150-025;712;2969
180-038-000-000-1463738830;000-000;158-013;749;135-025;726;150-025;693;3199
180-038-000-000-1463738840;000-000;135-025;765;158-013;703;183-013;692;3132
180-038-000-000-1463738850;000-000;135-025;767;158-013;729;180-050;687;2994
180-038-000-000-1463738860;000-000;150-025;788;135-025;671;158-038;613;2303
180-038-000-000-1463738870;000-000;135-025;779;128-013;674;143-013;656;2580
180-038-000-000-1463738880;000-000;135-025;730;180-050;728;150-025;709;2501
180-038-000-000-1463738890;000-000;135-025;859;150-025;758;158-038;670;2702
180-038-000-000-1463738900;000-000;135-025;867;150-025;737;183-013;731;2631
180-038-000-000-1463738910;000-000;150-025;810;135-025;744;075-050;634;2771
180-038-000-000-1463738920;000-000;158-013;726;150-025;693;135-025;645;2925
180-038-000-000-1463738930;000-000;150-025;709;135-025;685;143-013;644;2727
180-038-000-000-1463738940;000-000;135-025;794;150-025;759;158-013;686;2767
180-038-000-000-1463738950;000-000;135-025;853;150-025;734;180-025;679;2295
180-038-000-000-1463738960;000-000;135-025;768;150-025;726;165-000;591;2570
180-038-000-000-1463738970;000-000;150-025;722;165-025;697;180-050;656;2573
180-038-000-000-1463738980;000-000;135-025;901;150-025;770;180-025;676;2985
180-038-000-000-1463738990;000-000;183-013;783;113-013;700;165-000;690;2210
180-038-000-000-1463739000;000-000;180-025;823;135-025;738;165-000;674;963
150-038-000-000-1463738340;000-000;135-025;784;158-013;682;180-050;645;3470
150-038-000-000-1463738350;000-000;135-025;890;128-038;709;158-013;683;3465
150-038-000-000-1463738360;000-000;135-025;826;128-013;700;120-050;684;3076
150-038-000-000-1463738370;000-000;135-025;871;158-013;647;180-050;623;3319
150-038-000-000-1463738380;000-000;135-025;878;180-050;720;128-038;666;2713
150-038-000-000-1463738390;000-000;135-025;826;143-013;657;150-025;652;3718
150-038-000-000-1463738400;000-000;135-025;868;113-013;721;143-013;652;2864
150-038-000-000-1463738410;000-000;135-025;915;128-013;652;150-025;626;2995
150-038-000-000-1463738420;000-000;135-025;913;150-025;692;180-050;654;3157
150-038-000-000-1463738430;000-000;135-025;780;128-038;732;180-050;647;3230
150-038-000-000-1463738440;000-000;135-025;913;128-013;650;180-050;618;3238
150-038-000-000-1463738450;000-000;135-025;812;180-050;736;128-013;652;2457
150-038-000-000-1463738460;000-000;135-025;828;128-013;673;113-013;663;3314
150-038-000-000-1463738470;000-000;135-025;793;128-038;718;128-013;638;3480
150-038-000-000-1463738480;000-000;135-025;913;128-038;790;180-050;669;3305
150-038-000-000-1463738490;000-000;135-025;792;158-013;769;128-013;719;3456
150-038-000-000-1463738500;000-000;135-025;873;113-013;754;128-013;726;2994
150-038-000-000-1463738510;000-000;135-025;907;128-038;689;128-013;684;3081
150-038-000-000-1463738520;000-000;128-013;734;135-025;686;180-050;660;3080
150-038-000-000-1463738530;000-000;135-025;956;150-025;666;180-050;654;3155
150-038-000-000-1463738540;000-000;128-013;756;135-025;721;143-013;690;3394
150-038-000-000-1463738550;000-000;135-025;849;180-050;697;128-013;681;3012
150-038-000-000-1463738560;000-000;135-025;871;128-013;668;128-038;667;3312
150-038-000-000-1463738570;000-000;135-025;871;128-013;675;150-025;636;3317
150-038-000-000-1463738580;000-000;135-025;822;180-050;647;128-013;644;3310
150-038-000-000-1463738590;000-000;135-025;847;158-013;740;128-038;671;3543
150-038-000-000-1463738600;000-000;135-025;874;113-013;647;128-038;640;3245
150-038-000-000-1463738610;000-000;135-025;871;128-038;720;143-013;617;2848
150-038-000-000-1463738620;000-000;135-025;906;128-038;684;180-050;633;3079
150-038-000-000-1463738630;000-000;135-025;867;128-013;685;150-025;674;3233
150-038-000-000-1463738640;000-000;135-025;878;180-050;708;128-038;703;3012
150-038-000-000-1463738650;000-000;135-025;851;180-050;732;150-025;667;2933
150-038-000-000-1463738660;000-000;128-013;786;135-025;765;143-013;648;3159
150-038-000-000-1463738670;000-000;135-025;905;128-013;689;143-013;640;3006
150-038-000-000-1463738680;000-000;135-025;829;128-038;816;158-013;679;3538
150-038-000-000-1463738690;000-000;135-025;871;158-013;647;180-050;623;3319
150-038-000-000-1463738700;000-000;135-025;846;158-013;704;143-038;675;3625
150-038-000-000-1463738710;000-000;135-025;938;128-013;635;150-025;628;2935
150-038-000-000-1463738720;000-000;135-025;727;128-038;723;128-013;710;3312
150-038-000-000-1463738730;000-000;135-025;839;165-050;686;128-013;674;3467
150-038-000-000-1463738740;000-000;135-025;936;180-050;706;075-050;637;2518
150-038-000-000-1463738750;000-000;135-025;888;150-025;675;158-013;664;3149
150-038-000-000-1463738760;000-000;135-025;754;128-013;659;158-013;654;3467
150-038-000-000-1463738770;000-000;135-025;804;158-013;683;180-050;679;3235
150-038-000-000-1463738780;000-000;135-025;807;158-013;718;128-013;681;3232
150-038-000-000-1463738790;000-000;135-025;839;158-013;658;128-013;650;3471
150-038-000-000-1463738800;000-000;135-025;807;128-013;717;120-050;692;3082
150-038-000-000-1463738810;000-000;135-025;847;090-025;684;128-013;640;3241
150-038-000-000-1463738820;000-000;135-025;815;180-050;668;128-013;660;2939
150-038-000-000-1463738830;000-000;135-025;874;180-050;668;128-013;620;2866
150-038-000-000-1463738840;000-000;135-025;855;150-025;688;128-013;669;3019
150-038-000-000-1463738850;000-000;135-025;808;128-038;710;128-013;695;3303
150-038-000-000-1463738860;000-000;135-025;741;180-050;684;128-013;682;2798
150-038-000-000-1463738870;000-000;135-025;829;128-038;696;180-050;648;3320
150-038-000-000-1463738880;000-000;135-025;796;128-013;712;158-013;685;3306
150-038-000-000-1463738890;000-000;135-025;878;158-013;687;128-013;638;3467
150-038-000-000-1463738900;000-000;135-025;828;158-013;670;113-013;629;3551
150-038-000-000-1463738910;000-000;135-025;870;143-038;777;158-013;716;3698
150-038-000-000-1463738920;000-000;158-013;723;135-025;705;128-013;684;3298
150-038-000-000-1463738930;000-000;135-025;817;128-038;721;143-038;701;3791
150-038-000-000-1463738940;000-000;135-025;864;150-025;671;165-000;649;3076
150-038-000-000-1463738950;000-000;135-025;792;180-050;683;143-013;649;3015
150-038-000-000-1463738960;000-000;135-025;794;180-050;749;128-013;684;2787
150-038-000-000-1463738970;000-000;135-025;775;180-050;671;128-013;669;3079
150-038-000-000-1463738980;000-000;135-025;783;120-050;726;128-038;697;3880
150-038-000-000-1463738990;000-000;135-025;851;128-013;696;128-038;666;3319
150-038-000-000-1463739000;000-000;150-000;796;135-025;728;113-013;675;3088
165-038-000-000-1463738340;000-000;135-025;865;128-038;692;158-013;668;3080
165-038-000-000-1463738350;000-000;135-025;891;150-025;683;158-013;654;3154
165-038-000-000-1463738360;000-000;135-025;842;150-025;673;113-013;665;3164
165-038-000-000-1463738370;000-000;135-025;828;150-025;756;113-013;672;2792
165-038-000-000-1463738380;000-000;135-025;886;150-025;686;180-025;633;2588
165-038-000-000-1463738390;000-000;135-025;879;128-013;665;105-050;630;2942
165-038-000-000-1463738400;000-000;135-025;843;180-050;697;113-013;654;2789
165-038-000-000-1463738410;000-000;135-025;808;158-013;670;113-013;660;3471
165-038-000-000-1463738420;000-000;135-025;840;158-013;684;180-050;660;3005
165-038-000-000-1463738430;000-000;135-025;791;128-038;694;180-050;661;3003
165-038-000-000-1463738440;000-000;135-025;981;150-025;650;158-013;633;2704
165-038-000-000-1463738450;000-000;135-025;818;090-025;683;150-025;658;3466
165-038-000-000-1463738460;000-000;135-025;791;158-013;717;150-025;677;2999
165-038-000-000-1463738470;000-000;135-025;815;158-013;805;150-025;686;3219
165-038-000-000-1463738480;000-000;135-025;894;150-025;673;158-013;646;2770
165-038-000-000-1463738490;000-000;135-025;825;150-025;748;113-013;697;2788
165-038-000-000-1463738500;000-000;158-013;762;135-025;731;180-050;678;3228
165-038-000-000-1463738510;000-000;135-025;802;113-013;730;180-050;682;3157
165-038-000-000-1463738520;000-000;135-025;864;180-050;673;158-013;639;2863
165-038-000-000-1463738530;000-000;135-025;837;180-050;705;150-025;625;2635
165-038-000-000-1463738540;000-000;135-025;824;150-025;707;158-013;697;3464
165-038-000-000-1463738550;000-000;135-025;860;158-038;662;150-025;650;3069
165-038-000-000-1463738560;000-000;135-025;866;113-013;707;075-050;686;2939
165-038-000-000-1463738570;000-000;135-025;853;158-013;693;143-038;650;3448
165-038-000-000-1463738580;000-000;135-025;966;150-025;687;180-050;643;2647
165-038-000-000-1463738590;000-000;135-025;919;150-025;681;158-013;647;2783
165-038-000-000-1463738600;000-000;135-025;816;113-013;724;180-050;672;2446
165-038-000-000-1463738610;000-000;135-025;867;158-013;706;143-038;684;3309
165-038-000-000-1463738620;000-000;135-025;923;150-025;648;180-050;642;2929
165-038-000-000-1463738630;000-000;180-050;793;135-025;765;113-013;649;2389
165-038-000-000-1463738640;000-000;135-025;816;180-050;708;150-025;701;2386
165-038-000-000-1463738650;000-000;135-025;815;150-100;732;180-050;661;3004
165-038-000-000-1463738660;000-000;135-025;897;150-025;655;105-050;641;3019
165-038-000-000-1463738670;000-000;180-050;779;135-025;774;150-100;629;2507
165-038-000-000-1463738680;000-000;135-025;821;128-038;688;128-013;647;3157
165-038-000-000-1463738690;000-000;135-025;831;158-013;712;150-100;712;3304
165-038-000-000-1463738700;000-000;135-025;956;150-025;667;158-038;664;2773
165-038-000-000-1463738710;000-000;135-025;791;158-013;724;150-025;684;3072
165-038-000-000-1463738720;000-000;135-025;820;158-013;690;113-013;657;3160
165-038-000-000-1463738730;000-000;135-025;850;113-013;700;075-050;654;3237
165-038-000-000-1463738740;000-000;135-025;755;180-050;673;158-013;662;3241
165-038-000-000-1463738750;000-000;135-025;884;180-050;682;150-025;673;2869
165-038-000-000-1463738760;000-000;135-025;743;075-050;725;113-013;666;2987
165-038-000-000-1463738770;000-000;135-025;835;150-025;723;180-025;667;3146
165-038-000-000-1463738780;000-000;135-025;839;158-013;648;180-050;647;3244
165-038-000-000-1463738790;000-000;135-025;749;158-013;701;165-025;699;3221
165-038-000-000-1463738800;000-000;135-025;865;150-025;763;158-013;670;3132
165-038-000-000-1463738810;000-000;135-025;803;158-013;679;128-013;669;2923
165-038-000-000-1463738820;000-000;135-025;832;180-050;678;158-013;670;2853
165-038-000-000-1463738830;000-000;135-025;877;143-038;626;150-025;623;2640
165-038-000-000-1463738840;000-000;135-025;735;180-050;683;113-013;678;2784
165-038-000-000-1463738850;000-000;135-025;805;158-013;690;158-038;665;3310
165-038-000-000-1463738860;000-000;135-025;887;090-025;674;075-050;631;3019
165-038-000-000-1463738870;000-000;135-025;931;150-025;697;158-013;646;2979
165-038-000-000-1463738880;000-000;135-025;866;075-050;683;158-038;667;2563
165-038-000-000-1463738890;000-000;135-025;831;075-050;694;180-050;629;3016
165-038-000-000-1463738900;000-000;135-025;738;143-013;657;165-025;654;3161
165-038-000-000-1463738910;000-000;135-025;835;113-013;684;075-050;654;3320
165-038-000-000-1463738920;000-000;135-025;838;158-013;699;150-025;645;3472
165-038-000-000-1463738930;000-000;135-025;790;128-038;692;158-038;658;3467
165-038-000-000-1463738940;000-000;135-025;857;180-050;624;128-013;600;2730
165-038-000-000-1463738950;000-000;135-025;907;150-025;758;158-038;723;2910
165-038-000-000-1463738960;000-000;135-025;943;150-025;720;143-038;625;3005
165-038-000-000-1463738970;000-000;135-025;936;075-050;692;158-013;636;2635
165-038-000-000-1463738980;000-000;135-025;759;075-050;638;180-050;632;3086
165-038-000-000-1463738990;000-000;135-025;816;158-013;675;113-013;662;3624
165-038-000-000-1463739000;000-000;135-025;961;113-038;890;090-100;794;1451
135-038-000-000-1463738340;000-000;135-025;867;150-025;705;180-025;622;3072
135-038-000-000-1463738350;000-000;135-025;745;150-100;696;150-025;665;3620
135-038-000-000-1463738360;000-000;135-025;823;158-013;685;150-025;685;3465
135-038-000-000-1463738370;000-000;135-025;832;158-013;665;098-013;643;3071
135-038-000-000-1463738380;000-000;135-025;780;165-050;719;158-013;703;3139
135-038-000-000-1463738390;000-000;135-025;879;150-025;762;098-013;692;2633
135-038-000-000-1463738400;000-000;135-025;869;113-013;733;150-025;733;2368
135-038-000-000-1463738410;000-000;135-025;866;165-050;766;150-025;737;3298
135-038-000-000-1463738420;000-000;135-025;871;180-050;694;150-025;649;2861
135-038-000-000-1463738430;000-000;135-025;856;150-025;743;165-050;725;3303
135-038-000-000-1463738440;000-000;135-025;752;150-025;629;158-013;625;3463
135-038-000-000-1463738450;000-000;135-025;817;150-025;757;180-050;651;2842
135-038-000-000-1463738460;000-000;135-025;804;113-013;715;090-025;696;3306
135-038-000-000-1463738470;000-000;135-025;854;150-025;706;165-050;701;3465
135-038-000-000-1463738480;000-000;135-025;842;150-025;664;090-025;638;3473
135-038-000-000-1463738490;000-000;135-025;806;150-025;703;158-038;623;3071
135-038-000-000-1463738500;000-000;135-025;846;180-050;765;150-025;708;2861
135-038-000-000-1463738510;000-000;135-025;868;150-025;695;090-025;691;3237
135-038-000-000-1463738520;000-000;135-025;874;090-025;703;150-025;616;3166
135-038-000-000-1463738530;000-000;135-025;810;165-050;673;180-050;666;3300
135-038-000-000-1463738540;000-000;135-025;791;165-050;747;150-025;726;2994
135-038-000-000-1463738550;000-000;135-025;898;180-050;764;150-025;728;2644
135-038-000-000-1463738560;000-000;135-025;760;150-025;733;165-050;648;3223
135-038-000-000-1463738570;000-000;135-025;834;165-050;755;150-025;731;3382
135-038-000-000-1463738580;000-000;135-025;817;150-025;781;165-050;667;2547
135-038-000-000-1463738590;000-000;135-025;766;165-050;762;150-025;714;3371
135-038-000-000-1463738600;000-000;135-025;840;165-050;748;150-025;727;3539
135-038-000-000-1463738610;000-000;135-025;863;150-025;724;165-050;709;3151
135-038-000-000-1463738620;000-000;135-025;855;150-025;705;143-038;669;3151
135-038-000-000-1463738630;000-000;135-025;795;150-025;784;180-025;688;3155
135-038-000-000-1463738640;000-000;135-025;859;150-025;666;180-050;657;3167
135-038-000-000-1463738650;000-000;135-025;896;150-025;809;165-050;665;2980
135-038-000-000-1463738660;000-000;135-025;807;150-025;726;180-050;684;2800
135-038-000-000-1463738670;000-000;135-025;890;150-025;722;113-013;664;2865
135-038-000-000-1463738680;000-000;135-025;751;143-038;685;158-013;644;3616
135-038-000-000-1463738690;000-000;135-025;809;180-050;680;150-025;664;3089
135-038-000-000-1463738700;000-000;135-025;896;128-038;662;158-038;661;3227
135-038-000-000-1463738710;000-000;135-025;887;180-050;702;150-025;699;2582
135-038-000-000-1463738720;000-000;135-025;781;143-038;764;158-013;712;3447
135-038-000-000-1463738730;000-000;165-050;769;135-025;748;150-025;720;3539
135-038-000-000-1463738740;000-000;135-025;945;150-025;768;113-013;676;3016
135-038-000-000-1463738750;000-000;135-025;781;183-038;694;165-050;679;3456
135-038-000-000-1463738760;000-000;135-025;855;150-025;737;180-050;651;3078
135-038-000-000-1463738770;000-000;135-025;855;150-025;662;158-013;637;3468
135-038-000-000-1463738780;000-000;135-025;830;150-025;728;165-050;660;3072
135-038-000-000-1463738790;000-000;135-025;838;150-025;679;158-038;671;2914
135-038-000-000-1463738800;000-000;135-025;974;150-025;817;113-013;640;2859
135-038-000-000-1463738810;000-000;135-025;958;150-025;676;180-050;668;2868
135-038-000-000-1463738820;000-000;090-025;749;150-025;735;135-025;733;3002
135-038-000-000-1463738830;000-000;135-025;779;158-013;714;165-050;690;3785
135-038-000-000-1463738840;000-000;135-025;873;150-025;719;090-025;668;3087
135-038-000-000-1463738850;000-000;135-025;858;150-025;752;165-050;740;2916
135-038-000-000-1463738860;000-000;135-025;812;150-025;747;165-050;677;3227
135-038-000-000-1463738870;000-000;135-025;960;150-025;727;105-050;668;2866
135-038-000-000-1463738880;000-000;135-025;840;150-025;705;165-050;656;3304
135-038-000-000-1463738890;000-000;135-025;924;150-025;840;180-050;726;2574
135-038-000-000-1463738900;000-000;135-025;868;090-025;710;113-013;709;3151
135-038-000-000-1463738910;000-000;135-025;800;150-025;733;113-013;669;2851
135-038-000-000-1463738920;000-000;135-025;769;165-050;740;150-025;732;3381
135-038-000-000-1463738930;000-000;135-025;706;090-025;704;150-100;684;3301
135-038-000-000-1463738940;000-000;135-025;764;150-025;725;158-013;698;3144
135-038-000-000-1463738950;000-000;135-025;838;150-025;712;165-050;640;3074
135-038-000-000-1463738960;000-000;135-025;813;150-025;679;165-050;627;3313
135-038-000-000-1463738970;000-000;135-025;820;150-025;803;113-013;629;2645
135-038-000-000-1463738980;000-000;135-025;849;150-025;786;180-050;694;2781
135-038-000-000-1463738990;000-000;135-025;861;150-025;764;158-013;689;3066
135-038-000-000-1463739000;000-000;135-025;932;075-050;739;098-013;648;597
105-038-000-000-1463738340;000-000;135-025;758;075-025;713;075-050;646;3551
105-038-000-000-1463738350;000-000;053-013;779;098-038;706;135-025;668;4487
105-038-000-000-1463738360;000-000;075-025;963;135-025;671;105-025;666;3789
105-038-000-000-1463738370;000-000;135-025;775;075-025;719;060-050;670;3517
105-038-000-000-1463738380;000-000;105-025;834;135-025;754;075-025;675;3707
105-038-000-000-1463738390;000-000;120-050;750;135-025;657;090-025;620;3554
105-038-000-000-1463738400;000-000;135-025;761;105-025;760;075-025;620;3549
105-038-000-000-1463738410;000-000;135-025;830;113-038;701;105-025;691;3709
105-038-000-000-1463738420;000-000;135-025;768;105-025;689;090-025;675;3720
105-038-000-000-1463738430;000-000;135-025;734;120-050;696;113-038;690;4046
105-038-000-000-1463738440;000-000;135-025;798;120-050;705;113-038;678;3785
105-038-000-000-1463738450;000-000;135-025;752;075-025;739;105-025;733;3793
105-038-000-000-1463738460;000-000;090-025;679;135-025;678;105-025;667;3882
105-038-000-000-1463738470;000-000;075-025;805;105-025;796;135-025;756;3624
105-038-000-000-1463738480;000-000;053-013;817;135-025;747;120-050;714;3692
105-038-000-000-1463738490;000-000;135-025;842;120-050;749;113-038;659;3797
105-038-000-000-1463738500;000-000;053-013;778;135-025;764;075-025;763;3623
105-038-000-000-1463738510;000-000;135-025;813;105-050;620;128-013;617;3090
105-038-000-000-1463738520;000-000;135-025;813;120-050;740;113-038;633;3466
105-038-000-000-1463738530;000-000;135-025;809;113-038;698;128-038;684;3548
105-038-000-000-1463738540;000-000;135-025;771;090-025;665;105-025;650;3551
105-038-000-000-1463738550;000-000;135-025;700;090-025;690;105-025;660;3476
105-038-000-000-1463738560;000-000;135-025;823;075-050;617;150-025;579;2868
105-038-000-000-1463738570;000-000;053-013;778;135-025;675;045-050;661;3545
105-038-000-000-1463738580;000-000;135-025;846;128-013;608;105-050;598;3322
105-038-000-000-1463738590;000-000;135-025;771;113-038;668;090-025;635;3631
105-038-000-000-1463738600;000-000;135-025;834;128-013;647;105-050;636;3246
105-038-000-000-1463738610;000-000;135-025;863;150-025;629;045-050;609;3221
105-038-000-000-1463738620;000-000;135-025;859;105-050;610;090-025;606;3245
105-038-000-000-1463738630;000-000;135-025;774;045-050;623;090-025;617;3313
105-038-000-000-1463738640;000-000;045-050;746;038-038;617;090-025;614;3553
105-038-000-000-1463738650;000-000;135-025;748;105-025;689;128-013;663;3791
105-038-000-000-1463738660;000-000;135-025;793;128-013;626;105-025;618;3468
105-038-000-000-1463738670;000-000;135-025;652;128-013;643;045-050;619;3619
105-038-000-000-1463738680;000-000;120-050;899;135-025;805;053-013;728;3868
105-038-000-000-1463738690;000-000;135-025;725;090-025;654;105-050;616;3312
105-038-000-000-1463738700;000-000;075-025;803;105-025;733;135-025;717;3874
105-038-000-000-1463738710;000-000;135-025;775;128-013;661;045-050;607;3535
105-038-000-000-1463738720;000-000;135-025;786;113-038;630;105-025;628;3467
105-038-000-000-1463738730;000-000;135-025;772;105-050;621;090-025;609;3242
105-038-000-000-1463738740;000-000;135-025;817;090-025;619;075-050;600;3321
105-038-000-000-1463738750;000-000;135-025;740;075-025;710;113-038;699;3960
105-038-000-000-1463738760;000-000;053-013;798;120-050;796;135-025;773;4036
105-038-000-000-1463738770;000-000;135-025;815;128-013;690;143-013;585;3388
105-038-000-000-1463738780;000-000;135-025;696;120-050;631;045-050;614;3390
105-038-000-000-1463738790;000-000;075-025;826;090-025;687;045-050;681;3962
105-038-000-000-1463738800;000-000;075-025;833;105-025;725;098-038;703;4483
105-038-000-000-1463738810;000-000;135-025;726;105-025;714;113-038;703;4059
105-038-000-000-1463738820;000-000;053-013;754;105-025;740;135-025;717;3782
105-038-000-000-1463738830;000-000;135-025;783;105-025;776;128-013;639;3468
105-038-000-000-1463738840;000-000;105-025;762;135-025;674;075-025;670;4038
105-038-000-000-1463738850;000-000;135-025;800;045-050;664;090-025;621;3322
105-038-000-000-1463738860;000-000;120-050;735;135-025;730;053-013;689;3864
105-038-000-000-1463738870;000-000;135-025;737;105-025;684;113-038;643;3887
105-038-000-000-1463738880;000-000;135-025;766;113-038;638;075-025;633;3624
105-038-000-000-1463738890;000-000;135-025;711;098-038;642;075-050;631;3463
105-038-000-000-1463738900;000-000;135-025;776;105-050;639;128-013;613;3164
105-038-000-000-1463738910;000-000;135-025;747;075-025;651;128-013;638;3529
105-038-000-000-1463738920;000-000;135-025;717;128-013;660;120-050;632;3861
105-038-000-000-1463738930;000-000;135-025;763;120-050;657;128-013;647;3636
105-038-000-000-1463738940;000-000;135-025;768;120-050;708;113-038;654;3713
105-038-000-000-1463738950;000-000;075-025;786;090-025;655;105-000;647;4222
105-038-000-000-1463738960;000-000;135-025;792;113-038;664;075-025;640;3548
105-038-000-000-1463738970;000-000;135-025;748;045-050;666;128-013;648;3709
105-038-000-000-1463738980;000-000;135-025;752;075-025;638;105-025;638;3636
105-038-000-000-1463738990;000-000;135-025;802;113-038;660;090-025;610;3555
105-038-000-000-1463739000;000-000;135-025;711;015-050;649;150-025;606;863
075-038-000-000-1463738340;000-000;045-050;697;038-038;665;135-025;640;3317
075-038-000-000-1463738350;000-000;098-038;725;045-050;711;135-025;679;4315
075-038-000-000-1463738360;000-000;045-050;745;075-025;680;135-025;644;4138
075-038-000-000-1463738370;000-000;135-025;696;045-050;638;090-025;616;3646
075-038-000-000-1463738380;000-000;068-038;1052;045-050;718;135-025;699;4396
075-038-000-000-1463738390;000-000;075-050;660;060-050;657;045-050;640;3312
075-038-000-000-1463738400;000-000;045-050;765;090-025;669;060-050;629;3796
075-038-000-000-1463738410;000-000;135-025;715;083-038;701;143-013;619;3894
075-038-000-000-1463738420;000-000;045-050;716;068-038;652;060-050;652;3803
075-038-000-000-1463738430;000-000;045-050;740;060-050;738;038-038;647;3876
075-038-000-000-1463738440;000-000;060-050;674;075-050;664;075-025;656;3637
075-038-000-000-1463738450;000-000;045-050;732;083-013;703;105-025;674;4223
075-038-000-000-1463738460;000-000;045-050;787;090-025;691;038-038;649;3548
075-038-000-000-1463738470;000-000;098-038;765;045-050;750;090-025;665;4053
075-038-000-000-1463738480;000-000;105-025;676;045-050;672;098-038;667;4315
075-038-000-000-1463738490;000-000;060-050;670;135-025;664;045-050;640;3969
075-038-000-000-1463738500;000-000;045-050;658;120-050;652;045-025;625;3790
075-038-000-000-1463738510;000-000;060-050;710;045-050;639;135-025;626;3717
075-038-000-000-1463738520;000-000;045-050;748;060-050;662;090-025;650;3713
075-038-000-000-1463738530;000-000;045-050;775;075-025;680;038-038;646;3385
075-038-000-000-1463738540;000-000;068-038;764;060-050;680;083-038;662;4405
075-038-000-000-1463738550;000-000;068-038;819;098-038;726;060-050;686;4222
075-038-000-000-1463738560;000-000;060-050;667;083-038;665;068-038;660;3714
075-038-000-000-1463738570;000-000;045-050;753;060-050;683;090-025;644;3963
075-038-000-000-1463738580;000-000;045-050;768;038-038;687;090-025;636;3956
075-038-000-000-1463738590;000-000;045-050;704;135-025;675;038-038;668;3400
075-038-000-000-1463738600;000-000;045-050;754;060-050;708;090-025;641;3381
075-038-000-000-1463738610;000-000;135-025;670;060-050;650;083-038;631;3808
075-038-000-000-1463738620;000-000;045-050;801;038-038;657;105-050;636;3149
075-038-000-000-1463738630;000-000;045-050;707;135-025;695;060-050;641;3797
075-038-000-000-1463738640;000-000;045-050;733;038-038;659;045-025;641;3965
075-038-000-000-1463738650;000-000;135-025;702;098-013;700;045-025;641;3399
075-038-000-000-1463738660;000-000;045-050;683;038-038;639;135-025;624;3468
075-038-000-000-1463738670;000-000;045-075;898;045-050;750;038-038;670;3951
075-038-000-000-1463738680;000-000;045-050;782;038-038;670;090-025;621;3713
075-038-000-000-1463738690;000-000;045-050;701;060-050;670;038-038;649;3963
075-038-000-000-1463738700;000-000;045-050;694;045-025;667;090-025;630;3625
075-038-000-000-1463738710;000-000;060-050;701;045-050;688;038-038;661;3967
075-038-000-000-1463738720;000-000;060-050;714;045-050;701;038-038;625;3478
075-038-000-000-1463738730;000-000;045-050;724;038-038;678;068-038;625;3239
075-038-000-000-1463738740;000-000;045-050;728;135-025;676;090-025;623;3887
075-038-000-000-1463738750;000-000;060-050;688;045-050;685;038-038;644;3232
075-038-000-000-1463738760;000-000;045-050;781;038-038;649;090-025;621;3473
075-038-000-000-1463738770;000-000;045-050;713;060-050;713;038-038;667;3962
075-038-000-000-1463738780;000-000;045-050;673;075-050;659;075-025;651;3633
075-038-000-000-1463738790;000-000;045-050;711;098-038;666;090-025;641;3791
075-038-000-000-1463738800;000-000;068-038;814;045-050;684;038-038;649;4046
075-038-000-000-1463738810;000-000;045-050;705;038-038;670;098-013;637;3089
075-038-000-000-1463738820;000-000;135-025;712;045-050;653;075-050;631;3550
075-038-000-000-1463738830;000-000;060-050;639;143-013;639;135-025;631;3325
075-038-000-000-1463738840;000-000;135-025;697;045-050;677;068-038;658;4062
075-038-000-000-1463738850;000-000;045-050;676;135-025;657;090-025;629;3478
075-038-000-000-1463738860;000-000;060-050;752;045-050;751;090-025;637;3550
075-038-000-000-1463738870;000-000;045-050;737;068-038;666;060-050;665;3790
075-038-000-000-1463738880;000-000;045-050;726;090-025;691;038-038;661;3633
075-038-000-000-1463738890;000-000;135-025;715;090-025;613;045-050;605;3330
075-038-000-000-1463738900;000-000;038-038;714;045-050;677;075-050;623;3388
075-038-000-000-1463738910;000-000;083-038;680;045-050;678;045-025;664;4139
075-038-000-000-1463738920;000-000;045-050;714;038-038;664;083-013;652;3960
075-038-000-000-1463738930;000-000;045-050;684;060-050;675;135-025;669;3964
075-038-000-000-1463738940;000-000;135-025;682;098-013;616;083-038;615;3643
075-038-000-000-1463738950;000-000;045-050;720;060-050;685;068-038;677;4314
075-038-000-000-1463738960;000-000;098-013;665;090-025;641;135-025;635;3480
075-038-000-000-1463738970;000-000;053-013;771;045-050;701;135-025;679;4401
075-038-000-000-1463738980;000-000;060-050;696;045-050;639;038-038;639;3638
075-038-000-000-1463738990;000-000;045-050;744;135-025;668;038-038;631;3969
075-038-000-000-1463739000;000-000;090-100;962;075-025;835;068-013;751;2879
045-038-000-000-1463738340;000-000;068-038;1107;053-013;747;045-050;690;4283
045-038-000-000-1463738350;000-000;053-013;784;045-050;734;090-025;631;4119
045-038-000-000-1463738360;000-000;068-038;880;038-038;697;045-025;640;3433
045-038-000-000-1463738370;000-000;068-038;872;053-013;816;045-050;734;4468
045-038-000-000-1463738380;000-000;045-075;772;053-013;736;068-038;692;4569
045-038-000-000-1463738390;000-000;045-050;707;038-038;691;053-038;630;3613
045-038-000-000-1463738400;000-000;045-050;768;068-038;679;023-038;647;3522
045-038-000-000-1463738410;000-000;068-038;952;045-050;794;120-050;678;3612
045-038-000-000-1463738420;000-000;068-038;827;045-050;793;023-038;687;3947
045-038-000-000-1463738430;000-000;045-050;738;135-025;655;053-013;651;3854
045-038-000-000-1463738440;000-000;068-038;909;045-050;784;053-013;763;4035
045-038-000-000-1463738450;000-000;053-013;790;045-050;734;045-025;707;4392
045-038-000-000-1463738460;000-000;053-013;711;045-050;710;045-025;682;4130
045-038-000-000-1463738470;000-000;068-038;1181;045-050;718;038-038;669;3872
045-038-000-000-1463738480;000-000;045-050;742;038-038;639;053-013;631;3861
045-038-000-000-1463738490;000-000;068-038;726;045-075;697;045-050;662;3776
045-038-000-000-1463738500;000-000;045-050;764;023-038;685;068-038;668;3857
045-038-000-000-1463738510;000-000;068-038;813;053-013;807;045-050;701;4289
045-038-000-000-1463738520;000-000;053-013;803;045-050;776;045-025;677;3944
045-038-000-000-1463738530;000-000;068-038;848;045-050;730;038-038;641;3848
045-038-000-000-1463738540;000-000;045-050;747;023-038;676;075-025;648;3779
045-038-000-000-1463738550;000-000;068-038;817;045-050;728;045-025;668;3867
045-038-000-000-1463738560;000-000;068-038;877;045-050;730;053-013;653;3950
045-038-000-000-1463738570;000-000;068-038;785;045-050;717;038-038;691;4199
045-038-000-000-1463738580;000-000;045-050;745;023-038;728;068-038;662;4123
045-038-000-000-1463738590;000-000;068-038;878;045-075;778;135-025;680;4195
045-038-000-000-1463738600;000-000;068-038;887;045-050;736;038-038;640;3694
045-038-000-000-1463738610;000-000;068-038;893;045-050;702;038-038;675;3770
045-038-000-000-1463738620;000-000;053-013;833;045-050;741;098-038;657;4116
045-038-000-000-1463738630;000-000;045-050;728;038-038;672;090-025;615;3619
045-038-000-000-1463738640;000-000;068-038;849;045-050;717;023-038;690;4216
045-038-000-000-1463738650;000-000;045-050;735;045-025;713;023-038;700;3776
045-038-000-000-1463738660;000-000;068-038;783;045-050;727;023-038;661;3866
045-038-000-000-1463738670;000-000;068-038;868;045-075;709;045-050;681;4291
045-038-000-000-1463738680;000-000;045-050;786;053-013;722;038-038;650;3943
045-038-000-000-1463738690;000-000;045-050;748;023-038;672;068-038;649;3867
045-038-000-000-1463738700;000-000;053-013;715;045-050;689;023-038;669;4209
045-038-000-000-1463738710;000-000;038-038;682;045-050;663;023-038;622;3614
045-038-000-000-1463738720;000-000;068-038;806;053-013;757;045-050;736;4289
045-038-000-000-1463738730;000-000;053-013;977;045-050;731;075-075;700;4033
045-038-000-000-1463738740;000-000;068-038;771;045-050;712;023-038;680;4123
045-038-000-000-1463738750;000-000;068-038;824;045-050;766;045-025;715;3855
045-038-000-000-1463738760;000-000;045-050;669;038-038;647;143-013;579;3544
045-038-000-000-1463738770;000-000;045-050;703;045-075;652;068-038;652;3953
045-038-000-000-1463738780;000-000;053-013;851;068-038;840;045-050;746;4473
045-038-000-000-1463738790;000-000;068-038;771;045-050;749;023-038;688;3860
045-038-000-000-1463738800;000-000;053-013;964;045-075;779;045-050;719;4649
045-038-000-000-1463738810;000-000;053-013;862;045-050;708;068-038;706;3958
045-038-000-000-1463738820;000-000;068-038;1069;045-050;713;053-013;672;4039
045-038-000-000-1463738830;000-000;068-038;884;053-013;761;045-050;703;4386
045-038-000-000-1463738840;000-000;045-050;696;135-025;643;038-038;635;3791
045-038-000-000-1463738850;000-000;068-038;868;038-038;662;120-050;661;4288
045-038-000-000-1463738860;000-000;075-075;725;045-050;670;038-038;661;3616
045-038-000-000-1463738870;000-000;045-050;654;038-038;649;090-025;634;3074
045-038-000-000-1463738880;000-000;045-050;790;068-038;751;023-038;706;3688
045-038-000-000-1463738890;000-000;045-050;725;038-038;645;045-025;636;3456
045-038-000-000-1463738900;000-000;068-038;1091;045-050;687;053-013;680;4289
045-038-000-000-1463738910;000-000;045-050;728;038-038;658;098-038;654;3772
045-038-000-000-1463738920;000-000;068-038;1030;045-050;759;053-013;750;4351
045-038-000-000-1463738930;000-000;045-050;784;068-038;705;038-038;620;3707
045-038-000-000-1463738940;000-000;053-013;854;068-038;813;045-050;738;4377
045-038-000-000-1463738950;000-000;053-013;754;075-025;710;053-038;703;4373
045-038-000-000-1463738960;000-000;045-050;724;053-013;645;023-038;644;3948
045-038-000-000-1463738970;000-000;045-050;812;120-050;695;098-038;684;3941
045-038-000-000-1463738980;000-000;045-050;726;038-038;677;045-025;672;3784
045-038-000-000-1463738990;000-000;068-038;1241;045-050;703;038-038;657;4027
045-038-000-000-1463739000;000-000;075-075;2153;030-100;819;030-000;776;205
015-038-000-000-1463738340;000-000;015-025;737;038-038;686;045-050;671;3080
015-038-000-000-1463738350;000-000;038-038;708;015-025;707;030-025;619;3239
015-038-000-000-1463738360;000-000;015-025;743;030-025;677;015-050;672;3074
015-038-000-000-1463738370;000-000;045-050;750;015-025;750;015-050;678;2644
015-038-000-000-1463738380;000-000;045-050;708;038-038;677;015-025;674;3627
015-038-000-000-1463738390;000-000;023-038;751;030-025;687;015-025;651;3788
015-038-000-000-1463738400;000-000;023-038;731;015-025;704;030-025;661;3621
015-038-000-000-1463738410;000-000;015-050;804;000-050;684;038-038;661;2851
015-038-000-000-1463738420;000-000;023-038;968;000-050;845;038-038;688;3698
015-038-000-000-1463738430;000-000;068-038;840;023-038;793;015-050;680;3701
015-038-000-000-1463738440;000-000;015-025;777;015-050;698;045-000;644;3147
015-038-000-000-1463738450;000-000;015-025;790;045-050;675;038-038;619;2781
015-038-000-000-1463738460;000-000;038-013;711;015-050;681;045-025;664;3389
015-038-000-000-1463738470;000-000;015-025;725;045-050;713;038-038;697;3296
015-038-000-000-1463738480;000-000;015-025;857;045-050;738;015-050;700;2420
015-038-000-000-1463738490;000-000;015-025;727;068-038;677;038-038;661;3166
015-038-000-000-1463738500;000-000;023-038;742;015-050;710;143-013;630;3383
015-038-000-000-1463738510;000-000;015-025;764;023-038;705;030-025;642;3224
015-038-000-000-1463738520;000-000;015-025;677;030-100;637;045-000;628;3061
015-038-000-000-1463738530;000-000;015-050;757;015-025;725;045-000;710;3012
015-038-000-000-1463738540;000-000;015-025;776;015-050;698;038-038;681;2793
015-038-000-000-1463738550;000-000;000-050;854;015-025;763;038-038;670;3205
015-038-000-000-1463738560;000-000;015-025;775;045-000;715;135-025;669;2990
015-038-000-000-1463738570;000-000;015-025;693;045-050;621;143-013;610;2505
015-038-000-000-1463738580;000-000;015-050;732;000-050;723;038-038;685;3303
015-038-000-000-1463738590;000-000;015-025;711;015-050;691;045-000;670;3392
015-038-000-000-1463738600;000-000;045-050;707;015-025;700;038-038;694;3461
015-038-000-000-1463738610;000-000;038-038;702;045-050;685;015-025;675;2993
015-038-000-000-1463738620;000-000;015-025;790;015-050;766;045-000;648;2936
015-038-000-000-1463738630;000-000;015-025;673;015-050;667;038-038;637;3637
015-038-000-000-1463738640;000-000;015-025;908;015-050;692;045-050;643;2628
015-038-000-000-1463738650;000-000;015-025;779;030-025;705;015-050;668;2852
015-038-000-000-1463738660;000-000;000-050;946;015-025;700;045-050;690;2832
015-038-000-000-1463738670;000-000;068-038;855;015-050;738;023-038;719;3291
015-038-000-000-1463738680;000-000;015-050;716;000-050;700;038-038;662;3309
015-038-000-000-1463738690;000-000;015-025;825;000-050;756;045-050;676;2909
015-038-000-000-1463738700;000-000;015-025;864;045-050;709;015-050;676;2621
015-038-000-000-1463738710;000-000;015-050;773;038-038;711;015-025;624;3013
015-038-000-000-1463738720;000-000;068-038;812;015-025;808;045-050;686;2989
015-038-000-000-1463738730;000-000;023-038;869;068-038;821;038-038;701;3958
015-038-000-000-1463738740;000-000;090-025;613;165-050;606;098-013;600;1969
015-038-000-000-1463738750;000-000;030-025;716;015-025;715;045-050;657;3542
015-038-000-000-1463738760;000-000;015-025;719;015-050;686;030-025;651;3396
015-038-000-000-1463738770;000-000;068-038;880;015-025;704;045-000;670;3068
015-038-000-000-1463738780;000-000;015-025;843;045-050;726;015-050;635;2490
015-038-000-000-1463738790;000-000;015-050;723;045-000;677;143-013;606;2740
015-038-000-000-1463738800;000-000;023-038;821;143-013;644;000-050;617;3127
015-038-000-000-1463738810;000-000;015-025;828;015-050;663;030-025;648;2936
015-038-000-000-1463738820;000-000;068-038;764;023-038;742;015-025;707;2541
015-038-000-000-1463738830;000-000;015-025;834;023-038;740;045-050;619;2901
015-038-000-000-1463738840;000-000;015-025;869;045-000;709;015-050;651;2779
015-038-000-000-1463738850;000-000;045-050;777;045-000;646;038-038;644;3238
015-038-000-000-1463738860;000-000;015-025;785;038-038;608;015-050;579;2495
015-038-000-000-1463738870;000-000;015-050;743;000-050;680;038-038;661;3083
015-038-000-000-1463738880;000-000;015-025;870;015-050;640;045-050;627;2701
015-038-000-000-1463738890;000-000;015-025;725;023-038;702;015-050;635;3385
015-038-000-000-1463738900;000-000;015-050;826;015-025;804;045-000;739;2717
015-038-000-000-1463738910;000-000;015-050;808;000-050;679;015-025;670;2790
015-038-000-000-1463738920;000-000;015-025;805;045-000;656;045-050;638;2988
015-038-000-000-1463738930;000-000;015-025;779;135-025;641;090-025;639;3170
015-038-000-000-1463738940;000-000;015-025;752;015-050;696;075-050;650;2802
015-038-000-000-1463738950;000-000;015-050;665;023-038;656;015-025;624;3016
015-038-000-000-1463738960;000-000;015-025;761;045-050;721;038-038;660;3212
015-038-000-000-1463738970;000-000;015-025;697;015-050;629;143-013;601;2499
015-038-000-000-1463738980;000-000;068-038;942;015-050;721;045-000;657;3237
015-038-000-000-1463738990;000-000;015-025;879;015-050;687;045-050;646;2711
015-038-000-000-1463739000;000-000;068-038;1732;045-000;818;045-050;716;2046
120-038-000-000-1463738340;000-000;135-025;788;090-025;671;128-013;661;3708
120-038-000-000-1463738350;000-000;135-025;826;113-038;659;090-025;646;3880
120-038-000-000-1463738360;000-000;135-025;864;113-038;673;128-038;657;3709
120-038-000-000-1463738370;000-000;105-025;793;135-050;737;135-025;716;4215
120-038-000-000-1463738380;000-000;135-025;831;113-013;742;128-013;674;3464
120-038-000-000-1463738390;000-000;135-025;822;128-013;718;158-013;646;3308
120-038-000-000-1463738400;000-000;135-025;902;150-025;654;113-013;645;3150
120-038-000-000-1463738410;000-000;135-025;847;128-013;690;090-025;642;3233
120-038-000-000-1463738420;000-000;135-025;837;090-025;667;128-013;659;3799
120-038-000-000-1463738430;000-000;135-025;923;090-025;670;150-025;634;2859
120-038-000-000-1463738440;000-000;135-025;787;113-013;715;128-013;709;3789
120-038-000-000-1463738450;000-000;135-025;754;075-025;666;090-025;665;3799
120-038-000-000-1463738460;000-000;135-025;813;128-013;668;090-025;657;3481
120-038-000-000-1463738470;000-000;135-025;749;120-025;669;128-013;668;3871
120-038-000-000-1463738480;000-000;135-025;795;090-025;708;113-013;675;3550
120-038-000-000-1463738490;000-000;135-025;841;075-025;755;120-025;712;3542
120-038-000-000-1463738500;000-000;135-025;799;128-013;727;165-050;667;3387
120-038-000-000-1463738510;000-000;135-025;769;105-025;655;090-025;632;3549
120-038-000-000-1463738520;000-000;135-025;760;120-025;697;158-013;636;4037
120-038-000-000-1463738530;000-000;135-025;805;090-025;682;150-025;664;3625
120-038-000-000-1463738540;000-000;135-025;791;075-025;745;128-013;692;4042
120-038-000-000-1463738550;000-000;135-025;746;105-025;743;128-038;705;4310
120-038-000-000-1463738560;000-000;135-025;791;128-013;700;105-025;606;3544
120-038-000-000-1463738570;000-000;135-025;769;128-013;671;113-013;651;4134
120-038-000-000-1463738580;000-000;135-025;740;105-025;734;128-013;682;4134
120-038-000-000-1463738590;000-000;135-025;754;113-013;723;165-050;683;4213
120-038-000-000-1463738600;000-000;135-025;827;075-025;670;128-013;647;3533
120-038-000-000-1463738610;000-000;135-025;811;105-025;708;075-025;673;3763
120-038-000-000-1463738620;000-000;135-025;879;150-025;709;165-050;678;3384
120-038-000-000-1463738630;000-000;135-025;810;128-013;645;090-025;634;3549
120-038-000-000-1463738640;000-000;135-025;769;090-025;710;113-013;705;3300
120-038-000-000-1463738650;000-000;135-025;776;105-025;730;128-013;636;3711
120-038-000-000-1463738660;000-000;135-025;841;165-050;735;150-025;713;3451
120-038-000-000-1463738670;000-000;135-025;839;113-038;659;128-013;651;3465
120-038-000-000-1463738680;000-000;135-025;933;090-025;660;113-013;641;3008
120-038-000-000-1463738690;000-000;135-025;801;090-025;705;150-025;667;3159
120-038-000-000-1463738700;000-000;135-025;802;090-025;680;075-050;649;3633
120-038-000-000-1463738710;000-000;135-025;779;120-025;737;165-050;682;3707
120-038-000-000-1463738720;000-000;135-025;775;128-038;693;128-013;685;3625
120-038-000-000-1463738730;000-000;135-025;813;120-025;706;128-013;689;3543
120-038-000-000-1463738740;000-000;135-025;829;105-025;644;075-050;637;3464
120-038-000-000-1463738750;000-000;135-025;760;128-013;685;113-038;666;3883
120-038-000-000-1463738760;000-000;135-025;736;075-025;699;075-050;652;4035
120-038-000-000-1463738770;000-000;135-025;779;090-025;672;120-025;668;3392
120-038-000-000-1463738780;000-000;135-025;875;128-013;635;105-050;597;3161
120-038-000-000-1463738790;000-000;135-025;804;165-050;657;090-025;628;3549
120-038-000-000-1463738800;000-000;135-025;816;120-025;724;165-050;673;3387
120-038-000-000-1463738810;000-000;135-025;811;075-050;681;105-050;606;3472
120-038-000-000-1463738820;000-000;135-025;754;090-025;691;045-050;613;3639
120-038-000-000-1463738830;000-000;135-025;760;090-025;672;075-050;653;3376
120-038-000-000-1463738840;000-000;135-025;850;128-013;645;165-050;631;3311
120-038-000-000-1463738850;000-000;135-025;854;090-025;631;128-013;608;3156
120-038-000-000-1463738860;000-000;135-025;710;075-025;702;105-025;676;3957
120-038-000-000-1463738870;000-000;135-025;755;038-013;646;075-025;635;3635
120-038-000-000-1463738880;000-000;135-025;814;075-050;674;128-013;648;3638
120-038-000-000-1463738890;000-000;135-025;767;090-025;699;165-050;642;3560
120-038-000-000-1463738900;000-000;135-025;791;090-025;691;128-013;649;3554
120-038-000-000-1463738910;000-000;135-025;838;165-050;701;158-013;691;3787
120-038-000-000-1463738920;000-000;165-050;760;105-025;728;135-025;723;4122
120-038-000-000-1463738930;000-000;135-025;727;158-013;695;165-050;668;4369
120-038-000-000-1463738940;000-000;135-025;751;128-013;705;090-025;666;3713
120-038-000-000-1463738950;000-000;135-025;833;128-013;635;158-013;616;3389
120-038-000-000-1463738960;000-000;105-025;745;135-025;743;113-013;716;4035
120-038-000-000-1463738970;000-000;135-025;745;158-013;717;135-050;713;3617
120-038-000-000-1463738980;000-000;098-038;716;075-025;682;135-025;682;3531
120-038-000-000-1463738990;000-000;113-013;770;135-025;715;128-013;695;4128
120-038-000-000-1463739000;000-000;090-100;807;128-013;663;150-100;662;1945
090-038-000-000-1463738340;000-000;135-025;776;128-038;727;098-038;651;3703
090-038-000-000-1463738350;000-000;135-025;731;060-050;631;045-050;616;3802
090-038-000-000-1463738360;000-000;135-025;688;060-050;646;045-050;603;3881
090-038-000-000-1463738370;000-000;128-038;733;135-025;714;045-050;689;3963
090-038-000-000-1463738380;000-000;135-025;735;113-038;633;128-038;628;4139
090-038-000-000-1463738390;000-000;135-025;726;045-050;658;060-050;654;3966
090-038-000-000-1463738400;000-000;135-025;698;060-050;680;098-038;679;4048
090-038-000-000-1463738410;000-000;135-025;766;060-050;699;113-038;628;3633
090-038-000-000-1463738420;000-000;075-025;733;135-025;671;098-038;658;4305
090-038-000-000-1463738430;000-000;098-038;773;068-038;747;090-100;693;4126
090-038-000-000-1463738440;000-000;120-050;789;135-025;774;128-038;665;3961
090-038-000-000-1463738450;000-000;090-100;772;075-025;699;128-038;668;3360
090-038-000-000-1463738460;000-000;098-038;768;135-025;720;060-050;684;3792
090-038-000-000-1463738470;000-000;135-025;744;060-050;650;128-038;601;3637
090-038-000-000-1463738480;000-000;098-038;749;135-025;730;045-050;728;3629
090-038-000-000-1463738490;000-000;135-025;710;128-038;690;113-038;656;3971
090-038-000-000-1463738500;000-000;090-100;800;098-038;782;135-025;744;3541
090-038-000-000-1463738510;000-000;068-038;844;135-025;728;075-025;654;4394
090-038-000-000-1463738520;000-000;135-025;810;113-038;667;128-038;620;3803
090-038-000-000-1463738530;000-000;128-038;804;098-038;774;135-025;738;4035
090-038-000-000-1463738540;000-000;135-025;770;113-038;662;128-038;661;3971
090-038-000-000-1463738550;000-000;135-025;747;113-038;672;090-100;627;3473
090-038-000-000-1463738560;000-000;135-025;749;113-038;728;098-038;722;3947
090-038-000-000-1463738570;000-000;098-038;729;045-050;717;135-025;692;4223
090-038-000-000-1463738580;000-000;090-100;735;075-050;679;060-050;664;3395
090-038-000-000-1463738590;000-000;135-025;740;090-100;734;128-038;712;4058
090-038-000-000-1463738600;000-000;135-025;814;075-025;653;045-050;645;3457
090-038-000-000-1463738610;000-000;090-100;747;135-025;713;098-038;695;3971
090-038-000-000-1463738620;000-000;128-038;741;135-025;736;113-038;677;4055
090-038-000-000-1463738630;000-000;135-025;782;045-050;665;128-038;659;3557
090-038-000-000-1463738640;000-000;135-025;749;075-025;691;128-038;689;3626
090-038-000-000-1463738650;000-000;135-025;755;045-050;641;113-038;627;3713
090-038-000-000-1463738660;000-000;075-025;813;135-025;707;045-050;664;3869
090-038-000-000-1463738670;000-000;060-050;758;135-025;710;128-038;674;3619
090-038-000-000-1463738680;000-000;075-025;915;098-038;673;045-050;665;3448
090-038-000-000-1463738690;000-000;060-050;719;135-025;685;128-038;636;3310
090-038-000-000-1463738700;000-000;090-100;810;135-025;670;060-050;667;3637
090-038-000-000-1463738710;000-000;060-050;755;075-050;651;135-025;648;3394
090-038-000-000-1463738720;000-000;135-025;714;098-038;697;045-050;695;3956
090-038-000-000-1463738730;000-000;135-025;708;045-050;672;128-038;665;4395
090-038-000-000-1463738740;000-000;075-025;944;098-038;757;090-100;701;3944
090-038-000-000-1463738750;000-000;135-025;764;098-038;694;045-050;692;3785
090-038-000-000-1463738760;000-000;075-025;696;135-025;694;060-050;648;4126
090-038-000-000-1463738770;000-000;128-038;748;135-025;712;113-038;630;4052
090-038-000-000-1463738780;000-000;135-025;797;128-038;629;128-013;625;3716
090-038-000-000-1463738790;000-000;135-025;738;060-050;670;045-050;666;3790
090-038-000-000-1463738800;000-000;075-025;1067;098-038;680;135-025;675;2592
090-038-000-000-1463738810;000-000;098-038;949;045-050;762;075-025;710;3585
090-038-000-000-1463738820;000-000;060-050;718;135-025;691;075-025;644;3961
090-038-000-000-1463738830;000-000;075-025;762;098-038;744;128-038;736;4185
090-038-000-000-1463738840;000-000;135-025;705;060-050;697;075-025;683;3698
090-038-000-000-1463738850;000-000;128-038;748;135-025;730;090-100;700;4054
090-038-000-000-1463738860;000-000;135-025;766;128-038;723;045-050;636;3631
090-038-000-000-1463738870;000-000;135-025;770;128-038;723;098-038;701;3706
090-038-000-000-1463738880;000-000;135-025;728;113-038;685;098-038;683;3966
090-038-000-000-1463738890;000-000;090-100;755;135-025;670;045-050;653;3710
090-038-000-000-1463738900;000-000;045-050;718;060-050;663;098-038;653;3626
090-038-000-000-1463738910;000-000;090-100;846;135-025;730;060-050;648;3458
090-038-000-000-1463738920;000-000;090-100;727;135-025;712;075-025;694;4053
090-038-000-000-1463738930;000-000;060-050;780;135-025;736;075-050;603;3462
090-038-000-000-1463738940;000-000;135-025;724;128-038;671;113-038;617;3960
090-038-000-000-1463738950;000-000;135-025;680;045-050;665;128-038;620;3231
090-038-000-000-1463738960;000-000;098-038;797;075-025;733;060-050;679;4299
090-038-000-000-1463738970;000-000;135-025;751;128-038;669;113-038;657;3716
090-038-000-000-1463738980;000-000;060-050;700;045-050;662;075-025;654;3541
090-038-000-000-1463738990;000-000;135-025;697;045-050;675;128-038;654;3552
090-038-000-000-1463739000;000-000;105-075;2810;030-100;1058;090-100;1057;808
030-038-000-000-1463738340;000-000;045-050;712;038-038;676;053-038;647;4119
030-038-000-000-1463738350;000-000;075-025;721;045-050;712;023-038;703;3996
030-038-000-000-1463738360;000-000;045-050;692;038-038;682;015-025;638;3517
030-038-000-000-1463738370;000-000;000-050;761;045-050;744;038-038;687;3935
030-038-000-000-1463738380;000-000;045-050;730;038-038;710;053-038;634;3949
030-038-000-000-1463738390;000-000;045-050;711;023-038;668;030-050;646;4362
030-038-000-000-1463738400;000-000;045-050;758;038-038;658;045-025;630;3683
030-038-000-000-1463738410;000-000;045-050;802;045-025;660;038-038;641;3866
030-038-000-000-1463738420;000-000;045-050;742;000-050;702;038-038;666;4281
030-038-000-000-1463738430;000-000;045-050;749;015-025;670;038-038;655;3527
030-038-000-000-1463738440;000-000;000-050;785;045-050;743;038-038;701;3842
030-038-000-000-1463738450;000-000;000-050;737;045-050;719;023-013;705;4454
030-038-000-000-1463738460;000-000;045-050;788;038-038;672;053-038;634;3516
030-038-000-000-1463738470;000-000;038-038;728;015-025;674;045-050;671;3526
030-038-000-000-1463738480;000-000;045-050;791;038-038;685;015-025;632;3375
030-038-000-000-1463738490;000-000;045-050;768;038-038;686;015-025;662;3452
030-038-000-000-1463738500;000-000;045-050;692;045-025;666;023-013;659;4130
030-038-000-000-1463738510;000-000;045-050;699;090-025;669;038-038;661;4021
030-038-000-000-1463738520;000-000;045-050;742;038-038;651;045-025;632;3949
030-038-000-000-1463738530;000-000;045-050;742;038-038;726;015-025;671;3773
030-038-000-000-1463738540;000-000;000-050;758;038-038;718;045-050;716;3938
030-038-000-000-1463738550;000-000;045-050;787;038-038;658;015-025;652;3916
030-038-000-000-1463738560;000-000;045-050;765;015-075;714;135-025;665;3848
030-038-000-000-1463738570;000-000;023-038;766;000-050;749;023-013;742;4279
030-038-000-000-1463738580;000-000;038-038;685;045-050;685;045-025;630;4295
030-038-000-000-1463738590;000-000;045-050;810;038-038;690;045-025;662;3781
030-038-000-000-1463738600;000-000;045-050;749;030-100;631;038-038;616;3796
030-038-000-000-1463738610;000-000;045-050;754;038-038;707;015-025;640;3458
030-038-000-000-1463738620;000-000;045-050;748;030-100;698;015-025;686;3612
030-038-000-000-1463738630;000-000;045-050;792;038-038;677;090-025;617;3377
030-038-000-000-1463738640;000-000;023-013;783;030-100;780;000-050;727;3932
030-038-000-000-1463738650;000-000;038-038;736;045-050;698;015-025;666;3692
030-038-000-000-1463738660;000-000;045-050;816;038-038;660;090-025;635;3686
030-038-000-000-1463738670;000-000;000-050;737;045-050;714;038-038;655;4010
030-038-000-000-1463738680;000-000;045-075;784;045-050;668;030-050;650;4739
030-038-000-000-1463738690;000-000;038-038;694;045-050;643;135-025;600;4210
030-038-000-000-1463738700;000-000;000-050;719;045-050;713;053-038;710;4030
030-038-000-000-1463738710;000-000;000-050;721;045-050;696;053-038;677;4119
030-038-000-000-1463738720;000-000;000-050;755;045-050;731;015-025;682;3835
030-038-000-000-1463738730;000-000;045-050;746;053-038;716;000-050;704;4271
030-038-000-000-1463738740;000-000;045-050;679;023-038;671;038-038;669;4020
030-038-000-000-1463738750;000-000;000-050;772;045-050;737;053-038;666;3735
030-038-000-000-1463738760;000-000;000-050;803;023-013;751;045-050;728;3509
030-038-000-000-1463738770;000-000;045-050;765;038-038;687;015-025;653;3782
030-038-000-000-1463738780;000-000;038-038;649;060-050;645;045-050;618;3771
030-038-000-000-1463738790;000-000;045-050;796;105-050;652;015-050;644;3431
030-038-000-000-1463738800;000-000;023-038;875;053-013;697;045-025;678;4928
030-038-000-000-1463738810;000-000;023-038;994;000-050;788;038-038;686;4023
030-038-000-000-1463738820;000-000;053-013;776;045-050;745;045-025;703;4196
030-038-000-000-1463738830;000-000;045-050;742;038-038;689;015-025;646;3772
030-038-000-000-1463738840;000-000;045-050;714;038-038;649;045-025;639;3937
030-038-000-000-1463738850;000-000;045-050;714;038-038;665;030-050;637;4366
030-038-000-000-1463738860;000-000;000-050;753;038-038;700;045-050;689;3856
030-038-000-000-1463738870;000-000;038-038;748;045-050;747;015-025;645;3775
030-038-000-000-1463738880;000-000;038-038;712;015-025;637;045-050;624;3693
030-038-000-000-1463738890;000-000;045-050;745;038-038;646;045-025;616;4114
030-038-000-000-1463738900;000-000;045-050;760;038-038;722;015-025;633;3860
030-038-000-000-1463738910;000-000;045-050;753;038-038;694;105-050;624;3367
030-038-000-000-1463738920;000-000;038-038;702;045-050;697;015-025;644;3699
030-038-000-000-1463738930;000-000;045-050;768;038-038;653;015-025;633;3924
030-038-000-000-1463738940;000-000;045-050;687;038-038;680;015-050;653;3760
030-038-000-000-1463738950;000-000;045-050;706;045-025;692;038-038;668;4286
030-038-000-000-1463738960;000-000;045-050;737;038-038;682;015-025;672;3705
030-038-000-000-1463738970;000-000;023-038;966;045-050;762;000-050;744;3849
030-038-000-000-1463738980;000-000;045-050;749;038-038;669;105-050;638;3930
030-038-000-000-1463738990;000-000;045-050;782;038-038;669;045-025;618;3605
030-038-000-000-1463739000;000-000;015-025;994;183-038;847;090-025;657;478
183-038-000-000-1463738340;000-000;183-038;762;165-025;745;158-013;733;3625
183-038-000-000-1463738350;000-000;183-038;809;135-025;708;158-013;701;3463
183-038-000-000-1463738360;000-000;135-025;740;158-013;708;183-038;701;3557
183-038-000-000-1463738370;000-000;135-025;808;183-038;710;165-050;710;3795
183-038-000-000-1463738380;000-000;135-025;786;183-038;781;165-025;709;3386
183-038-000-000-1463738390;000-000;135-025;747;158-013;715;165-050;714;3868
183-038-000-000-1463738400;000-000;135-025;752;150-025;729;183-038;705;3080
183-038-000-000-1463738410;000-000;135-025;756;183-038;739;158-013;699;3885
183-038-000-000-1463738420;000-000;158-013;754;183-038;733;135-025;697;3387
183-038-000-000-1463738430;000-000;183-038;761;135-025;728;165-025;712;3793
183-038-000-000-1463738440;000-000;158-013;750;135-025;726;183-038;725;3707
183-038-000-000-1463738450;000-000;135-025;806;165-025;739;150-025;726;3234
183-038-000-000-1463738460;000-000;183-038;746;135-025;735;158-013;725;3462
183-038-000-000-1463738470;000-000;135-025;774;183-038;766;158-013;742;3466
183-038-000-000-1463738480;000-000;158-013;754;183-038;730;135-025;695;3303
183-038-000-000-1463738490;000-000;135-025;767;183-038;747;165-025;730;3621
183-038-000-000-1463738500;000-000;135-025;764;158-013;703;183-038;699;3471
183-038-000-000-1463738510;000-000;135-025;783;183-038;748;158-013;725;3548
183-038-000-000-1463738520;000-000;183-038;795;135-025;771;150-025;701;3308
183-038-000-000-1463738530;000-000;135-025;792;158-013;737;183-038;722;3704
183-038-000-000-1463738540;000-000;183-038;771;135-025;752;158-013;741;3787
183-038-000-000-1463738550;000-000;135-025;758;183-038;753;165-025;700;3393
183-038-000-000-1463738560;000-000;068-038;814;165-050;741;158-013;731;4128
183-038-000-000-1463738570;000-000;135-025;815;165-050;731;158-013;710;3790
183-038-000-000-1463738580;000-000;183-038;756;158-013;739;135-025;709;3388
183-038-000-000-1463738590;000-000;135-025;765;158-013;751;183-038;730;3629
183-038-000-000-1463738600;000-000;135-025;796;113-013;700;183-038;673;3086
183-038-000-000-1463738610;000-000;183-038;787;135-025;753;165-025;724;3378
183-038-000-000-1463738620;000-000;158-013;774;135-025;708;143-013;643;3544
183-038-000-000-1463738630;000-000;158-013;725;165-025;722;135-025;717;3615
183-038-000-000-1463738640;000-000;158-013;791;183-038;725;135-025;713;3782
183-038-000-000-1463738650;000-000;183-038;699;180-025;691;158-013;682;3536
183-038-000-000-1463738660;000-000;135-025;798;183-038;731;165-025;709;3548
183-038-000-000-1463738670;000-000;135-025;717;180-050;620;158-013;615;2938
183-038-000-000-1463738680;000-000;183-038;788;158-013;739;135-025;734;3625
183-038-000-000-1463738690;000-000;183-038;810;135-025;787;165-025;704;3394
183-038-000-000-1463738700;000-000;135-025;781;165-025;732;183-038;707;3465
183-038-000-000-1463738710;000-000;135-025;778;183-038;719;165-025;703;3469
183-038-000-000-1463738720;000-000;135-025;765;165-025;744;158-013;736;3459
183-038-000-000-1463738730;000-000;183-038;805;135-025;752;158-013;735;3547
183-038-000-000-1463738740;000-000;183-038;753;158-013;727;135-025;682;3225
183-038-000-000-1463738750;000-000;158-013;798;183-038;770;135-025;693;3781
183-038-000-000-1463738760;000-000;165-025;761;183-038;758;135-025;747;3538
183-038-000-000-1463738770;000-000;135-025;754;165-025;743;158-013;722;3223
183-038-000-000-1463738780;000-000;158-013;759;135-025;750;150-025;719;3225
183-038-000-000-1463738790;000-000;183-038;803;135-025;775;165-025;705;3549
183-038-000-000-1463738800;000-000;158-013;789;183-038;771;135-025;718;3462
183-038-000-000-1463738810;000-000;135-025;759;165-025;736;183-038;709;3543
183-038-000-000-1463738820;000-000;158-013;804;165-050;732;135-025;727;3948
183-038-000-000-1463738830;000-000;183-038;794;135-025;736;150-025;720;3227
183-038-000-000-1463738840;000-000;135-025;841;150-025;723;165-025;716;3385
183-038-000-000-1463738850;000-000;158-013;778;173-038;761;135-025;703;4305
183-038-000-000-1463738860;000-000;183-038;765;158-013;702;135-025;694;3551
183-038-000-000-1463738870;000-000;135-025;755;183-038;752;158-013;677;3238
183-038-000-000-1463738880;000-000;158-013;794;183-038;694;165-025;670;3698
183-038-000-000-1463738890;000-000;183-038;785;158-013;720;135-025;715;3548
183-038-000-000-1463738900;000-000;183-038;744;173-038;715;135-025;688;3538
183-038-000-000-1463738910;000-000;183-038;766;135-025;762;158-013;717;3311
183-038-000-000-1463738920;000-000;135-025;771;158-013;718;183-038;711;3790
183-038-000-000-1463738930;000-000;165-025;740;135-025;728;183-038;726;3385
183-038-000-000-1463738940;000-000;135-025;779;158-013;774;165-050;707;3531
183-038-000-000-1463738950;000-000;158-013;804;135-025;706;183-038;702;4039
183-038-000-000-1463738960;000-000;158-013;771;183-038;744;135-025;708;3957
183-038-000-000-1463738970;000-000;158-013;757;183-038;741;135-025;736;3461
183-038-000-000-1463738980;000-000;158-013;827;165-050;745;183-038;712;3854
183-038-000-000-1463738990;000-000;158-013;778;165-025;746;183-038;684;3615
183-038-000-000-1463739000;000-000;068-038;968;180-050;817;158-013;697;1896
023-038-000-000-1463738340;000-000;023-038;1011;045-050;705;083-013;680;4761
023-038-000-000-1463738350;000-000;023-038;1134;068-038;781;045-050;687;4561
023-038-000-000-1463738360;000-000;023-038;1040;000-050;702;045-050;698;4384
023-038-000-000-1463738370;000-000;023-038;1116;068-038;863;000-050;708;4294
023-038-000-000-1463738380;000-000;023-038;959;023-013;710;045-025;700;4574
023-038-000-000-1463738390;000-000;023-038;839;023-013;739;045-050;678;4385
023-038-000-000-1463738400;000-000;023-038;990;075-025;684;045-050;672;4289
023-038-000-000-1463738410;000-000;023-038;775;045-050;700;045-025;672;3948
023-038-000-000-1463738420;000-000;023-038;826;045-050;712;000-050;701;4029
023-038-000-000-1463738430;000-000;023-038;1051;045-050;705;000-050;696;4465
023-038-000-000-1463738440;000-000;023-038;1017;045-050;685;038-038;632;4385
023-038-000-000-1463738450;000-000;023-038;1131;068-038;808;000-050;710;4741
023-038-000-000-1463738460;000-000;023-038;1068;068-038;883;000-050;737;4295
023-038-000-000-1463738470;000-000;023-038;1021;075-025;771;000-050;701;4370
023-038-000-000-1463738480;000-000;023-038;971;045-050;665;045-025;640;4486
023-038-000-000-1463738490;000-000;023-038;1156;045-050;703;000-050;684;4563
023-038-000-000-1463738500;000-000;023-038;1062;045-050;684;045-025;671;4835
023-038-000-000-1463738510;000-000;023-038;1066;045-050;710;000-050;673;4564
023-038-000-000-1463738520;000-000;023-038;1098;075-025;707;045-050;653;4844
023-038-000-000-1463738530;000-000;023-038;839;075-025;731;045-050;641;4483
023-038-000-000-1463738540;000-000;023-038;942;045-050;657;068-038;642;4309
023-038-000-000-1463738550;000-000;068-038;822;045-050;681;023-038;664;4398
023-038-000-000-1463738560;000-000;023-038;1081;045-075;850;045-050;668;4751
023-038-000-000-1463738570;000-000;023-038;1185;000-050;721;045-050;700;4111
023-038-000-000-1463738580;000-000;023-038;1152;000-050;711;045-050;711;4386
023-038-000-000-1463738590;000-000;023-038;983;023-013;704;045-025;689;4390
023-038-000-000-1463738600;000-000;023-038;777;045-050;713;000-050;685;4562
023-038-000-000-1463738610;000-000;023-038;1016;000-050;740;045-050;692;4031
023-038-000-000-1463738620;000-000;023-038;998;045-050;695;038-038;662;4035
023-038-000-000-1463738630;000-000;023-038;1023;045-050;732;000-050;693;4470
023-038-000-000-1463738640;000-000;023-038;1169;000-050;710;045-050;696;4202
023-038-000-000-1463738650;000-000;023-038;1103;000-050;752;045-050;741;4111
023-038-000-000-1463738660;000-000;023-038;963;023-013;719;045-050;692;4295
023-038-000-000-1463738670;000-000;023-038;955;045-050;702;000-050;684;4473
023-038-000-000-1463738680;000-000;023-038;1097;075-025;708;000-050;689;4842
023-038-000-000-1463738690;000-000;023-038;751;000-050;730;045-050;725;4202
023-038-000-000-1463738700;000-000;023-038;876;045-050;688;038-038;654;4207
023-038-000-000-1463738710;000-000;023-038;817;068-038;767;000-050;680;4483
023-038-000-000-1463738720;000-000;023-038;919;045-050;705;045-025;702;4573
023-038-000-000-1463738730;000-000;023-038;984;045-050;724;045-025;652;4295
023-038-000-000-1463738740;000-000;075-025;772;068-038;676;045-050;669;4299
023-038-000-000-1463738750;000-000;023-038;923;045-050;682;045-025;645;4388
023-038-000-000-1463738760;000-000;023-038;772;000-050;714;045-050;700;4216
023-038-000-000-1463738770;000-000;045-050;700;038-038;672;045-025;648;4125
023-038-000-000-1463738780;000-000;023-038;1023;045-050;682;000-050;657;4655
023-038-000-000-1463738790;000-000;023-038;767;075-025;766;045-050;671;4385
023-038-000-000-1463738800;000-000;023-038;1118;045-050;665;000-050;662;4753
023-038-000-000-1463738810;000-000;023-038;1121;045-050;688;000-050;681;4188
023-038-000-000-1463738820;000-000;023-038;1071;000-050;688;045-050;682;4566
023-038-000-000-1463738830;000-000;023-038;1008;045-050;700;038-038;636;4559
023-038-000-000-1463738840;000-000;045-050;722;038-038;690;045-025;657;3794
023-038-000-000-1463738850;000-000;045-050;775;038-038;684;000-050;671;3701
023-038-000-000-1463738860;000-000;023-038;903;023-013;775;045-050;719;4123
023-038-000-000-1463738870;000-000;023-038;715;045-050;707;075-025;694;4466
023-038-000-000-1463738880;000-000;023-038;760;000-050;751;045-050;740;3863
023-038-000-000-1463738890;000-000;000-050;736;023-038;724;045-050;704;4113
023-038-000-000-1463738900;000-000;023-038;981;045-050;692;038-038;635;4295
023-038-000-000-1463738910;000-000;023-038;975;045-050;714;038-038;665;4123
023-038-000-000-1463738920;000-000;045-050;701;045-025;693;075-025;654;4129
023-038-000-000-1463738930;000-000;023-038;971;075-025;740;045-050;649;4383
023-038-000-000-1463738940;000-000;023-038;1023;000-050;714;045-050;702;4378
023-038-000-000-1463738950;000-000;023-038;951;045-050;695;075-025;688;4389
023-038-000-000-1463738960;000-000;023-038;1129;045-050;724;000-050;698;4476
023-038-000-000-1463738970;000-000;075-025;681;023-038;669;045-050;668;4486
023-038-000-000-1463738980;000-000;023-038;1000;045-050;663;045-025;629;4567
023-038-000-000-1463738990;000-000;023-038;832;045-025;678;045-050;666;4390
023-038-000-000-1463739000;000-000;135-025;833;053-013;792;075-025;757;1445
